SignalDate,Strategy,Direction,EntryDate,Entry,Stop,Target,Risk,ExitDate,Exit,Result,R,BarsHeld,ReturnPct,CumulativeR,CumulativeReturnPct,EquityCompounded,CompoundedReturnPct
2007-06-08,normal,long,2007-06-08,654.2999877929688,645.2000122070312,663.3999633789062,9.0999755859375,2007-06-13,645.2000122070312,loss,-1.0,3,-1.0,-1.0,-1.0,0.99,-1.0000000000000009
2007-06-11,normal,long,2007-06-11,654.2999877929688,645.2000122070312,663.3999633789062,9.0999755859375,2007-06-13,645.2000122070312,loss,-1.0,2,-1.0,-2.0,-2.0,0.9801,-1.9900000000000029
2007-08-17,normal,long,2007-08-17,656.9000244140625,642.9000244140625,670.9000244140625,14.0,2007-08-31,670.9000244140625,win,1.0,10,1.0,-1.0,-1.0,0.989901,-1.009899999999997
2008-06-12,normal,long,2008-06-12,869.2000122070312,858.2000122070312,880.2000122070312,11.0,2008-06-16,880.2000122070312,win,1.0,2,1.0,0.0,0.0,0.9998000100000001,-0.019998999999992773
2008-06-13,normal,long,2008-06-13,870.2999877929688,858.2000122070312,882.3999633789062,12.0999755859375,2008-06-16,882.3999633789062,win,1.0,1,1.0,1.0,1.0,1.0097980101000001,0.9798010100000143
2010-06-08,reverse,short,2010-06-08,1244.0,1252.0999755859375,1235.9000244140625,8.0999755859375,2010-06-09,1235.9000244140625,win,1.0,1,1.0,2.0,2.0,1.019895990201,1.989599020100008
2010-12-06,reverse,short,2010-12-06,1415.300048828125,1428.4000244140625,1402.2000732421875,13.0999755859375,2010-12-07,1428.4000244140625,loss,-1.0,1,-1.0,1.0,1.0,1.00969703029899,0.969703029899005
2011-01-25,normal,long,2011-01-25,1332.300048828125,1323.5999755859375,1341.0001220703125,8.7000732421875,2011-01-26,1341.0001220703125,win,1.0,1,1.0,2.0,2.0,1.0197940006019799,1.9794000601979889
2011-02-16,reverse,short,2011-02-16,1374.699951171875,1382.0,1367.39990234375,7.300048828125,2011-02-17,1382.0,loss,-1.0,1,-1.0,1.0,1.0,1.0095960605959602,0.9596060595960187
2011-09-26,normal,long,2011-09-26,1650.5999755859375,1562.4000244140625,1738.7999267578125,88.199951171875,2011-10-28,1738.7999267578125,win,1.0,24,1.0,2.0,2.0,1.0196920212019198,1.9692021201919818
2012-07-30,reverse,short,2012-07-30,1619.699951171875,1625.800048828125,1613.599853515625,6.10009765625,2012-07-31,1625.800048828125,loss,-1.0,1,-1.0,1.0,1.0,1.0094951009899007,0.9495100989900696
2013-05-17,normal,long,2013-05-17,1384.300048828125,1342.9000244140625,1425.7000732421875,41.4000244140625,2013-05-20,1342.9000244140625,loss,-1.0,1,-1.0,0.0,0.0,0.9994001499800017,-0.05998500199982937
2013-08-28,reverse,short,2013-08-28,1419.0,1428.0,1410.0,9.0,2013-08-29,1410.0,win,1.0,1,1.0,1.0,1.0,1.0093941514798017,0.9394151479801716
2015-07-02,normal,long,2015-07-02,1172.9000244140625,1155.5,1190.300048828125,17.4000244140625,2015-07-07,1155.5,loss,-1.0,2,-1.0,0.0,0.0,0.9993002099650037,-0.06997900349963171
2015-07-06,normal,long,2015-07-06,1172.9000244140625,1155.5,1190.300048828125,17.4000244140625,2015-07-07,1155.5,loss,-1.0,1,-1.0,-1.0,-1.0,0.9893072078653536,-1.0692792134646356
2015-08-21,reverse,short,2015-08-21,1153.4000244140625,1169.0,1137.800048828125,15.5999755859375,2015-08-24,1169.0,loss,-1.0,1,-1.0,-2.0,-2.0,0.9794141357867001,-2.0585864213299887
2015-08-24,reverse,short,2015-08-24,1153.4000244140625,1169.0,1137.800048828125,15.5999755859375,2015-08-25,1137.800048828125,win,1.0,1,1.0,-1.0,-1.0,0.9892082771445672,-1.079172285543284
2017-01-05,reverse,short,2017-01-05,1171.9000244140625,1183.300048828125,1160.5,11.4000244140625,2017-01-09,1183.300048828125,loss,-1.0,2,-1.0,-2.0,-2.0,0.9793161943731215,-2.068380562687855
2017-01-06,reverse,short,2017-01-06,1171.9000244140625,1183.300048828125,1160.5,11.4000244140625,2017-01-09,1183.300048828125,loss,-1.0,1,-1.0,-3.0,-3.0,0.9695230324293902,-3.0476967570609803
2017-10-05,normal,long,2017-10-05,1271.5999755859375,1260.5,1282.699951171875,11.0999755859375,2017-10-06,1260.5,loss,-1.0,1,-1.0,-4.0,-4.0,0.9598278021050963,-4.017219789490367
2017-10-06,normal,long,2017-10-06,1271.5999755859375,1260.5,1282.699951171875,11.0999755859375,2017-10-09,1282.699951171875,win,1.0,1,1.0,-3.0,-3.0,0.9694260801261473,-3.0573919873852717
2018-02-08,normal,long,2018-02-08,1316.9000244140625,1307.0,1326.800048828125,9.9000244140625,2018-02-13,1326.800048828125,win,1.0,3,1.0,-2.0,-2.0,0.9791203409274087,-2.087965907259126
2018-04-11,reverse,short,2018-04-11,1338.4000244140625,1365.4000244140625,1311.4000244140625,27.0,2018-04-30,1311.4000244140625,win,1.0,13,1.0,-1.0,-1.0,0.9889115443366828,-1.1088455663317176
2018-04-12,reverse,short,2018-04-12,1338.4000244140625,1365.4000244140625,1311.4000244140625,27.0,2018-04-30,1311.4000244140625,win,1.0,12,1.0,0.0,0.0,0.9988006597800496,-0.11993402199503844
2018-09-27,normal,long,2018-09-27,1191.5,1180.0,1203.0,11.5,2018-09-28,1180.0,loss,-1.0,1,-1.0,-1.0,-1.0,0.9888126531822491,-1.118734681775091
2018-09-28,normal,long,2018-09-28,1191.5,1180.0,1203.0,11.5,2018-10-02,1203.0,win,1.0,2,1.0,0.0,0.0,0.9987007797140716,-0.12992202859284374
2019-04-03,normal,long,2019-04-03,1289.0,1279.5,1298.5,9.5,2019-04-04,1279.5,loss,-1.0,1,-1.0,-1.0,-1.0,0.9887137719169309,-1.1286228083069116
2019-04-04,normal,long,2019-04-04,1289.0,1279.5,1298.5,9.5,2019-04-08,1298.5,win,1.0,2,1.0,0.0,0.0,0.9986009096361002,-0.13990903638998464
2019-04-05,normal,long,2019-04-05,1290.4000244140625,1279.5,1301.300048828125,10.9000244140625,2019-04-08,1301.300048828125,win,1.0,1,1.0,1.0,1.0,1.0085869187324612,0.8586918732461202
2020-05-15,reverse,short,2020-05-15,1731.800048828125,1770.5,1693.10009765625,38.699951171875,2020-05-18,1770.5,loss,-1.0,1,-1.0,0.0,0.0,0.9985010495451366,-0.1498950454863368
2020-05-18,reverse,short,2020-05-18,1731.800048828125,1770.5,1693.10009765625,38.699951171875,2020-05-27,1693.10009765625,win,1.0,6,1.0,1.0,1.0,1.008486060040588,0.848606004058805
2020-06-05,normal,long,2020-06-05,1698.300048828125,1668.5999755859375,1728.0001220703125,29.7000732421875,2020-06-10,1728.0001220703125,win,1.0,3,1.0,2.0,2.0,1.0185709206409939,1.857092064099386
2021-12-02,normal,long,2021-12-02,1782.0,1760.5999755859375,1803.4000244140625,21.4000244140625,2021-12-15,1760.5999755859375,loss,-1.0,9,-1.0,1.0,1.0,1.008385211434584,0.8385211434583928
2021-12-03,normal,long,2021-12-03,1782.0,1760.5999755859375,1803.4000244140625,21.4000244140625,2021-12-15,1760.5999755859375,loss,-1.0,8,-1.0,0.0,0.0,0.9983013593202381,-0.1698640679761887
2023-08-30,reverse,short,2023-08-30,1938.199951171875,1946.4000244140625,1929.9998779296875,8.2000732421875,2023-09-01,1946.4000244140625,loss,-1.0,2,-1.0,-1.0,-1.0,0.9883183457270357,-1.1681654272964304
2023-08-31,reverse,short,2023-08-31,1938.199951171875,1946.4000244140625,1929.9998779296875,8.2000732421875,2023-09-01,1946.4000244140625,loss,-1.0,1,-1.0,-2.0,-2.0,0.9784351622697653,-2.1564837730234654
2023-11-22,reverse,short,2023-11-22,1991.4000244140625,2005.5,1977.300048828125,14.0999755859375,2023-11-27,2005.5,loss,-1.0,2,-1.0,-3.0,-3.0,0.9686508106470677,-3.1349189352932294
2024-07-05,reverse,short,2024-07-05,2355.199951171875,2388.5,2321.89990234375,33.300048828125,2024-07-11,2388.5,loss,-1.0,4,-1.0,-4.0,-4.0,0.9589643025405971,-4.103569745940295
2024-07-08,reverse,short,2024-07-08,2355.199951171875,2388.5,2321.89990234375,33.300048828125,2024-07-11,2388.5,loss,-1.0,3,-1.0,-5.0,-5.0,0.9493746595151911,-5.062534048480893
2025-08-08,reverse,short,2025-08-08,3439.10009765625,3477.0,3401.2001953125,37.89990234375,2025-08-11,3401.2001953125,win,1.0,1,1.0,-4.0,-4.0,0.958868406110343,-4.113159388965704
2026-02-03,normal,long,2026-02-03,4903.7001953125,4400.0,5407.400390625,503.7001953125,2026-03-23,4400.0,loss,-1.0,33,-1.0,-5.0,-5.0,0.9492797220492395,-5.072027795076051
2026-03-23,normal,long,2026-03-23,4404.10009765625,4100.7998046875,4707.400390625,303.30029296875,2026-04-01,4707.400390625,win,1.0,7,1.0,-4.0,-4.0,0.958772519269732,-4.122748073026806
2026-03-24,normal,long,2026-03-24,4399.2998046875,4100.7998046875,4697.7998046875,298.5,2026-04-01,4697.7998046875,win,1.0,6,1.0,-3.0,-3.0,0.9683602444624293,-3.16397555375707
2026-04-29,normal,long,2026-04-29,4614.7001953125,4515.7001953125,4713.7001953125,99.0,2026-05-04,4515.7001953125,loss,-1.0,3,-1.0,-4.0,-4.0,0.958676642017805,-4.1323357982195
2026-04-30,normal,long,2026-04-30,4614.7001953125,4515.7001953125,4713.7001953125,99.0,2026-05-04,4515.7001953125,loss,-1.0,2,-1.0,-5.0,-5.0,0.9490898755976269,-5.091012440237308
